﻿Website,ApplicationID
BETANDWIN.COM,1
TRIPLE-A-CASINO.COM,2
BETANDWIN.DE,3
WAP.BETANDWIN.COM,4
SMS MOBILE BETTING APPLICATION,5
CHARITY,6
DOLCEVITACASINO.COM,7
BALLS OF FIRE,8
BETEUROPE.COM,9
BAHSEGIR.COM,10
CASINO.BETEUROPE.COM,11
WWW.CASINOTURK.COM,12
WWW.SANALCASINO.COM,13
BETOTO.COM,14
PLAYIT.COM,15
CASINO.PLAYIT.COM,16
THECROUPIER.COM,17
SMS.BETANDWIN.COM,18
WAP.BETANDWIN.DE,19
BOF.PLAYIT.COM,21
BOF.BETEUROPE.COM,22
BETANDWIN POKER,23
BETANDWIN CASINO,24
SMS.BETANDWIN.DE,26
LOTTERY.BETOTO.COM,27
BETWORK.COM,28
WAP.PLAYIT.COM,29
PLAYIT POKER,30
BETEUROPE POKER,31
BETOTO POKER,32
BETANDWIN GAMES,33
BETOTO CASINO,36
BETEUROPE GAMES,38
PLAYIT GAMES,42
