﻿User_Country,Country
Afghanistan,4
Albania,8
Antarctica,10
Algeria,12
American Samoa,16
Andorra,20
Angola,24
Antigua and Barbuda,28
Azerbaijan,31
Argentina,32
Australia,36
Austria,40
Bahamas,44
Bahrain,48
Bangladesh,50
Armenia,51
Barbados,52
Belgium,56
Bermuda,60
Bhutan,64
Bolivia,68
Bosnia and Herzegovina,70
Botswana,72
Bouvet Island,74
Brazil,76
Belize,84
British Indian Ocean Territory,86
Solomon Islands,90
Virgin Islands (British),92
Brunei Darussalam,96
Bulgaria,100
Myanmar,104
Burundi,108
Belarus,112
Cambodia,116
Cameroon,120
Canada,124
Cape Verde,132
Cayman Islands,136
Central African Republic,140
Sri Lanka,144
Chad,148
Chile,152
China,156
Taiwan,158
Christmas Island,162
Cocos (Keeling) Islands,166
Colombia,170
Comoros,174
Mayotte,175
Congo,178
the Democratic Republic of the Congo,180
Cook Islands,184
Costa Rica,188
Croatia,191
Cuba,192
Cyprus,196
Czech Republic,203
Benin,204
Denmark,208
Dominica,212
Dominican Republic,214
Ecuador,218
El Salvador,222
Equatorial Guinea,226
Ethiopia,231
Eritrea,232
Estonia,233
Faroe Islands,234
Falkland Islands,238
Fiji,242
Finland,246
France,250
French Guinea,254
French Polynesia,258
French Southern Territories,260
Djibouti,262
Gabon,266
Georgia,268
Gambia,270
Germany,276
Ghana,288
Gibraltar,292
Kiribati,296
Greece,300
Greenland,304
Grenada,308
Guadeloupe,312
Guam,316
Guatemala,320
Guinea,324
Guyana,328
Haiti,332
Heard and Mc Donald Islands,334
Vatican City State (Holy See),336
Honduras,340
Hong Kong,344
Hungary,348
Iceland,352
India,356
Indonesia,360
Iran,364
Iraq,368
Ireland,372
Israel,376
Italy,380
Cote d’Ivoire,384
Jamaica,388
Japan,392
Kazakhstan,398
Jordan,400
Kenya,404
"Korea, Republic of",408
Korea (South),410
Kuwait,414
Kyrgyzstan,417
Lao Peoples Democratic Republic,418
Lebanon,422
Lesotho,426
Latvia,428
Liberia,430
Libya,434
Liechtenstein,438
Lithuania,440
Luxembourg,442
Macau,446
Madagascar,450
Malawi,454
Malaysia,458
Maldives,462
Mali,466
Malta,470
Martinique,474
Mauritania,478
Mauritius,480
Mexico,484
Monaco,492
Mongolia,496
Moldavia,498
Montserrat,500
Morocco,504
Mozambique,508
Oman,512
Namibia,516
Nauru,520
Nepal,524
Holland,528
Netherlands Antilles,530
Aruba,533
New Caledonia,540
Vanuatu,548
New Zealand,554
Nicaragua,558
Niger,562
Nigeria,566
Niue,570
Norfolk Island,574
Norway,578
Northern Mariana Islands,580
Unites States Minor Outlying Islands,581
"Micronesia, Federated States of",583
Marshall Islands,584
Palau,585
Pakistan,586
Panama,591
Papua New Guinea,598
Paraguay,600
Peru,604
Philippines,608
Pitcairn,612
Poland,616
Portugal,620
Guinea-Bissau,624
East Timor,626
Puerto Rico,630
Qatar,634
Reunion,638
Romania,642
Russian Federation,643
Rwanda,646
St. Helena,654
Saint Kitts and Nevis,659
Anguilla,660
St. Lucia,662
St. Pierre and Miquelon,666
Saint Vincent and the Grenadines,670
San Marino,674
Sao Tome and Principe,678
Saudi Arabia,682
Senegal,686
Seychelles,690
Sierra Leone,694
Singapore,702
Slovakia,703
Vietnam,704
Slovenia,705
Somalia,706
South Africa,710
Zimbabwe,716
Spain,724
Western Sahara,732
Sudan,736
Suriname,740
Svalbard and Jan Mayen Islands,744
Swaziland,748
Sweden,752
Switzerland,756
Syria,760
Tajikistan,762
Thailand,764
Togo,768
Tokelau,772
Tonga,776
Trinidad and Tobago,780
United Arab Emirates,784
Tunesia,788
Turkey,792
Turkmenistan,795
Turks and Caicos Islands,796
Tuvalu,798
Uganda,800
Ukraine,804
FYR Macedonia,807
Egypt,818
United Kingdom,826
Tanzania,834
USA,840
United States Virgin Islands,850
Burkina Faso,854
Uruguay,858
Uzbekistan,860
Venezuela,862
Wallis and Futuna Islands,876
Samoa (Independent),882
Yemen,887
Serbia and Montenegro,891
Zambia,894
Diego Garcia,895
Ascension,896
Australian overseas territories,897
Tokelau,898
Undefined,1000
